{"cameraMode":{"drawMode":0,"name":"Shaded","section":"Shading Mode"},"sceneLighting":false,"audioPlay":false,"sceneViewState":{"showFog":true,"showMaterialUpdate":true,"showSkybox":false,"showFlares":true,"showImageEffects":true,"showParticleSystems":true},"in2DMode":false,"pivot":{"x":-0.026000000536441804,"y":-0.1509999930858612,"z":0.49299997091293337},"rotation":{"x":-0.015435386449098587,"y":0.9523826241493225,"z":-0.04890928789973259,"w":-0.3005639910697937},"size":0.08660253882408142,"orthographic":false}